Month,Furniture,Technology,Office Supplies,West Region,East Region
Jan-2019,12691.392667755546,14033.343184899612,14646.724651363278,14048.800881372033,9713.411357404584
Feb-2019,6772.162416580899,10437.986783603788,12434.656284049957,11840.373160337715,8120.218592335497
Mar-2019,17201.015648007513,42639.488041019744,19698.15552678147,25805.33639457388,15639.421337103286
